"","memory","Rank_1_CID","Rank_2_CID","Rank_3_CID","Rank_4_CID","Rank_5_CID","Rank_6_CID","Rank_7_CID","Rank_8_CID"
"1","S",0.345643939393939,0.111742424242424,0.0520833333333333,0.0473484848484848,0.0435606060606061,0.0464015151515152,0.0265151515151515,0.0123106060606061
"2","W",0.277196652719665,0.127615062761506,0.0575313807531381,0.0679916317991632,0.0543933054393305,0.0481171548117155,0.0292887029288703,0.0198744769874477
