"","memory","Rank_1","Rank_2","Rank_3","Rank_4","Rank_5","Rank_6","Rank_7","Rank_8","n"
"1","S",0.502754820936639,0.162534435261708,0.0757575757575758,0.0702479338842975,0.0633608815426997,0.0674931129476584,0.0385674931129477,0.0179063360881543,726
"2","W",0.40519877675841,0.188073394495413,0.0856269113149847,0.099388379204893,0.0795107033639144,0.0703363914373089,0.0428134556574924,0.0290519877675841,654
